method,sensitivity_mode,seed,eps,region,n_snps,lr_threshold_test_95pct,lr_power_case_above_threshold,lr_case_mean,lr_test_mean,true_sig,noisy_sig,tp,precision,recall,jaccard
method1_laplace,proposal_vector,0,0.1,chr10_1Mb,581,-1671.8588649892254,0.35795454545454547,-4242.7655923758975,-4544.908335452593,50,404,44,0.10891089108910891,0.88,0.1073170731707317
method1_laplace,proposal_vector,0,0.3,chr10_1Mb,581,-1776.5615763671644,0.32386363636363635,-4550.51453534884,-4871.409468017831,50,425,43,0.1011764705882353,0.86,0.09953703703703703
method1_laplace,proposal_vector,0,1.0,chr10_1Mb,581,-1458.976817177867,0.22727272727272727,-3826.2431175154675,-4137.731554892846,50,404,41,0.10148514851485149,0.82,0.09927360774818401
method1_laplace,proposal_vector,0,3.0,chr10_1Mb,581,-1037.7246543015476,0.4772727272727273,-2921.9647191390222,-3200.4638434550807,50,391,41,0.10485933503836317,0.82,0.1025
method1_laplace,proposal_vector,0,10.0,chr10_1Mb,581,-329.33064434661463,0.3068181818181818,-1323.5128349560216,-1549.3468573064192,50,335,40,0.11940298507462686,0.8,0.11594202898550725
method1_laplace,proposal_vector,0,0.1,chr2_5Mb,297,-1708.4072612623122,0.3409090909090909,-2471.0442133327633,-2716.452000323477,109,239,95,0.39748953974895396,0.8715596330275229,0.37549407114624506
method1_laplace,proposal_vector,0,0.3,chr2_5Mb,297,-1456.7831761067644,0.0625,-2362.1504620617275,-2448.7897019312627,109,229,96,0.4192139737991266,0.8807339449541285,0.39669421487603307
method1_laplace,proposal_vector,0,1.0,chr2_5Mb,297,-1207.4622665293125,0.11931818181818182,-1906.3351820528835,-2120.45860125874,109,223,95,0.4260089686098655,0.8715596330275229,0.4008438818565401
method1_laplace,proposal_vector,0,3.0,chr2_5Mb,297,-917.4825412200826,0.5284090909090909,-1060.2336273161577,-1448.691748265205,109,194,81,0.4175257731958763,0.7431192660550459,0.36486486486486486
method1_laplace,proposal_vector,0,10.0,chr2_5Mb,297,-128.49168956615298,0.875,-40.801434919996375,-276.31256073422446,109,164,85,0.5182926829268293,0.7798165137614679,0.4521276595744681
