region,method,lr_power_mean,utility_mean,distortion_mean
chr2_5Mb,Method 1 (SNP Laplace DP),0.06888888888888885,0.5413925356623615,0.4385750043467044
chr2_5Mb,Method 2 (Haploblock DP),0.10994152046783622,0.10942188624032173,0.15395336727287806
chr2_5Mb,Method 3 (GRR LDP),0.07222222222222219,0.23497268352009976,0.20689460500519308
chr10_1Mb,Method 1 (SNP Laplace DP),0.07694444444444441,0.5059040117813047,0.4691808394579489
chr10_1Mb,Method 2 (Haploblock DP),0.1052631578947368,0.19365512273765706,0.14527695933323964
chr10_1Mb,Method 3 (GRR LDP),0.06111111111111107,0.13934721848729784,0.18279136221818723
